"ground_truth_output","num_queries","original_output","original_score","original_text","perturbed_output","perturbed_score","perturbed_text","result_type"
2.0,1.0,0.0,0.6135533452033997,"[[[[Premise]]]]: This church choir sings to the masses as they sing joyous songs from the book at a church.>>>>[[[[Hypothesis]]]]: The church has cracks in the ceiling.",0.0,0.6135533452033997,"[[[[Premise]]]]: This church choir sings to the masses as they sing joyous songs from the book at a church.>>>>[[[[Hypothesis]]]]: The church has cracks in the ceiling.","Skipped"
2.0,16.0,2.0,0.006745755672454834,"[[[[Premise]]]]: A woman with a green headscarf, blue shirt and a very big grin.>>>>[[[[Hypothesis]]]]: The woman is [[young]].",0.0,0.7369837760925293,"[[[[Premise]]]]: A woman with a green headscarf, blue shirt and a very big grin.>>>>[[[[Hypothesis]]]]: The woman is [[baby]].","Successful"
1.0,1.0,2.0,0.5272165536880493,"[[[[Premise]]]]: A woman with a green headscarf, blue shirt and a very big grin.>>>>[[[[Hypothesis]]]]: The woman is very happy.",2.0,0.5272165536880493,"[[[[Premise]]]]: A woman with a green headscarf, blue shirt and a very big grin.>>>>[[[[Hypothesis]]]]: The woman is very happy.","Skipped"
1.0,14.0,1.0,0.031149625778198242,"[[[[Premise]]]]: This church choir sings to the masses as they sing joyous songs from the book at a church.>>>>[[[[Hypothesis]]]]: The [[church]] is filled with song.",0.0,0.9999862313270569,"[[[[Premise]]]]: This church choir sings to the masses as they sing joyous songs from the book at a church.>>>>[[[[Hypothesis]]]]: The [[ymca]] is filled with song.","Successful"
0.0,42.0,0.0,0.08023005723953247,"[[[[Premise]]]]: A woman with a green headscarf, blue shirt and a very big grin.>>>>[[[[Hypothesis]]]]: The woman has been [[shot]].",1.0,0.9993473887443542,"[[[[Premise]]]]: A woman with a green headscarf, blue shirt and a very big grin.>>>>[[[[Hypothesis]]]]: The woman has been [[photographed]].","Successful"
1.0,152.0,1.0,0.013956904411315918,"[[[[Premise]]]]: An old man with a package poses in front of an advertisement.>>>>[[[[Hypothesis]]]]: A [[man]] poses in front of an ad.",0.0,0.9999287724494934,"[[[[Premise]]]]: An old man with a package poses in front of an advertisement.>>>>[[[[Hypothesis]]]]: A [[ape]] poses in front of an ad.","Successful"
2.0,152.0,2.0,0.001810610294342041,"[[[[Premise]]]]: An old man with a package poses in front of an advertisement.>>>>[[[[Hypothesis]]]]: A [[man]] poses in front of an ad for beer.",0.0,0.9988884329795837,"[[[[Premise]]]]: An old man with a package poses in front of an advertisement.>>>>[[[[Hypothesis]]]]: A [[ape]] poses in front of an ad for beer.","Successful"
0.0,314.0,0.0,0.35420018434524536,"[[[[Premise]]]]: An old man with a package poses in front of an advertisement.>>>>[[[[Hypothesis]]]]: A man [[walks]] by an ad.",1.0,0.9994150400161743,"[[[[Premise]]]]: An old man with a package poses in front of an advertisement.>>>>[[[[Hypothesis]]]]: A man [[accompanies]] by an ad.","Successful"
2.0,163.0,2.0,0.09308856725692749,"[[[[Premise]]]]: A statue at a museum that no seems to be looking at.>>>>[[[[Hypothesis]]]]: The statue is offensive and people are [[mad]] that it is on display.",0.0,0.9968199729919434,"[[[[Premise]]]]: A statue at a museum that no seems to be looking at.>>>>[[[[Hypothesis]]]]: The statue is offensive and people are [[ferocious]] that it is on display.","Successful"
0.0,108.0,0.0,0.38074207305908203,"[[[[Premise]]]]: A statue at a museum that no seems to be looking at.>>>>[[[[Hypothesis]]]]: Tons of [[people]] are gathered around the statue.",2.0,0.6007788181304932,"[[[[Premise]]]]: A statue at a museum that no seems to be looking at.>>>>[[[[Hypothesis]]]]: Tons of [[folks]] are gathered around the statue.","Successful"
1.0,1.0,2.0,0.9964773058891296,"[[[[Premise]]]]: A land rover is being driven across a river.>>>>[[[[Hypothesis]]]]: A Land Rover is splashing water as it crosses a river.",2.0,0.9964773058891296,"[[[[Premise]]]]: A land rover is being driven across a river.>>>>[[[[Hypothesis]]]]: A Land Rover is splashing water as it crosses a river.","Skipped"
1.0,7.0,1.0,0.015675902366638184,"[[[[Premise]]]]: A land rover is being driven across a river.>>>>[[[[Hypothesis]]]]: A [[vehicle]] is crossing a river.",0.0,0.999310314655304,"[[[[Premise]]]]: A land rover is being driven across a river.>>>>[[[[Hypothesis]]]]: A [[tanker]] is crossing a river.","Successful"
0.0,2128.0,0.0,0.005021870136260986,"[[[[Premise]]]]: A land rover is being driven across a river.>>>>[[[[Hypothesis]]]]: A [[sedan]] is [[stuck]] in the [[middle]] of a river.",1.0,0.9990842342376709,"[[[[Premise]]]]: A land rover is being driven across a river.>>>>[[[[Hypothesis]]]]: A [[automobile]] is [[adhered]] in the [[medium]] of a river.","Successful"
0.0,4045.0,0.0,0.0002117753028869629,"[[[[Premise]]]]: A man playing an electric guitar on stage.>>>>[[[[Hypothesis]]]]: A man [[playing]] [[banjo]] on the [[floor]].",1.0,0.9989489912986755,"[[[[Premise]]]]: A man playing an electric guitar on stage.>>>>[[[[Hypothesis]]]]: A man [[featureing]] [[instrument]] on the [[transposition]].","Successful"
1.0,508.0,1.0,0.031955063343048096,"[[[[Premise]]]]: A man playing an electric guitar on stage.>>>>[[[[Hypothesis]]]]: A man playing [[guitar]] on stage.",0.0,0.9999787211418152,"[[[[Premise]]]]: A man playing an electric guitar on stage.>>>>[[[[Hypothesis]]]]: A man playing [[harp]] on stage.","Successful"
2.0,74.0,2.0,0.0026732683181762695,"[[[[Premise]]]]: A man playing an electric guitar on stage.>>>>[[[[Hypothesis]]]]: A [[man]] is performing for cash.",0.0,0.9984065294265747,"[[[[Premise]]]]: A man playing an electric guitar on stage.>>>>[[[[Hypothesis]]]]: A [[ape]] is performing for cash.","Successful"
1.0,19.0,1.0,0.07374513149261475,"[[[[Premise]]]]: A blond-haired doctor and her African american assistant looking threw new medical manuals.>>>>[[[[Hypothesis]]]]: A doctor is looking at a [[book]]",0.0,0.9997071027755737,"[[[[Premise]]]]: A blond-haired doctor and her African american assistant looking threw new medical manuals.>>>>[[[[Hypothesis]]]]: A doctor is looking at a [[pocketbook]]","Successful"
0.0,180.0,0.0,0.00022166967391967773,"[[[[Premise]]]]: A blond-haired doctor and her African american assistant looking threw new medical manuals.>>>>[[[[Hypothesis]]]]: A man is [[eating]] pb and j",2.0,0.6171156167984009,"[[[[Premise]]]]: A blond-haired doctor and her African american assistant looking threw new medical manuals.>>>>[[[[Hypothesis]]]]: A man is [[corroding]] pb and j","Successful"
2.0,1.0,1.0,0.8762277960777283,"[[[[Premise]]]]: A blond-haired doctor and her African american assistant looking threw new medical manuals.>>>>[[[[Hypothesis]]]]: A doctor is studying",1.0,0.8762277960777283,"[[[[Premise]]]]: A blond-haired doctor and her African american assistant looking threw new medical manuals.>>>>[[[[Hypothesis]]]]: A doctor is studying","Skipped"
1.0,530.0,1.0,0.022169113159179688,"[[[[Premise]]]]: A statue at a museum that no seems to be looking at.>>>>[[[[Hypothesis]]]]: There is a [[statue]] that not many [[people]] seem to be interested in.",1.0,0.18759089708328247,"[[[[Premise]]]]: A statue at a museum that no seems to be looking at.>>>>[[[[Hypothesis]]]]: There is a [[bust]] that not many [[crowds]] seem to be interested in.","Failed"
1.0,61.0,1.0,0.019129455089569092,"[[[[Premise]]]]: One tan girl with a wool hat is running and leaning over an object, while another person in a wool hat is sitting on the ground.>>>>[[[[Hypothesis]]]]: A tan girl runs leans over an [[object]]",2.0,0.9993856549263,"[[[[Premise]]]]: One tan girl with a wool hat is running and leaning over an object, while another person in a wool hat is sitting on the ground.>>>>[[[[Hypothesis]]]]: A tan girl runs leans over an [[numeral]]","Successful"
2.0,1.0,0.0,0.9791128039360046,"[[[[Premise]]]]: One tan girl with a wool hat is running and leaning over an object, while another person in a wool hat is sitting on the ground.>>>>[[[[Hypothesis]]]]: A man watches his daughter leap",0.0,0.9791128039360046,"[[[[Premise]]]]: One tan girl with a wool hat is running and leaning over an object, while another person in a wool hat is sitting on the ground.>>>>[[[[Hypothesis]]]]: A man watches his daughter leap","Skipped"
2.0,163.0,2.0,0.0024858713150024414,"[[[[Premise]]]]: A young family enjoys feeling ocean waves lap at their feet.>>>>[[[[Hypothesis]]]]: A young man and woman [[take]] their child to the beach for the first time.",0.0,0.997474730014801,"[[[[Premise]]]]: A young family enjoys feeling ocean waves lap at their feet.>>>>[[[[Hypothesis]]]]: A young man and woman [[eat]] their child to the beach for the first time.","Successful"
0.0,1195.0,0.0,0.0009174346923828125,"[[[[Premise]]]]: This church choir sings to the masses as they sing joyous songs from the book at a church.>>>>[[[[Hypothesis]]]]: A choir [[singing]] at a baseball [[game]].",0.0,0.312084436416626,"[[[[Premise]]]]: This church choir sings to the masses as they sing joyous songs from the book at a church.>>>>[[[[Hypothesis]]]]: A choir [[reciting]] at a baseball [[rematch]].","Failed"
1.0,17.0,1.0,0.06069844961166382,"[[[[Premise]]]]: A young family enjoys feeling ocean waves lap at their feet.>>>>[[[[Hypothesis]]]]: A family is at the [[beach]].",0.0,0.9999487996101379,"[[[[Premise]]]]: A young family enjoys feeling ocean waves lap at their feet.>>>>[[[[Hypothesis]]]]: A family is at the [[bank]].","Successful"
1.0,27.0,1.0,0.05944710969924927,"[[[[Premise]]]]: A couple walk hand in hand down a street.>>>>[[[[Hypothesis]]]]: A [[couple]] is walking together.",0.0,0.9993209838867188,"[[[[Premise]]]]: A couple walk hand in hand down a street.>>>>[[[[Hypothesis]]]]: A [[string]] is walking together.","Successful"
2.0,27.0,2.0,0.0012507438659667969,"[[[[Premise]]]]: A couple walk hand in hand down a street.>>>>[[[[Hypothesis]]]]: The [[couple]] is married.",0.0,0.9870019555091858,"[[[[Premise]]]]: A couple walk hand in hand down a street.>>>>[[[[Hypothesis]]]]: The [[glue]] is married.","Successful"
0.0,1979.0,0.0,0.0004311203956604004,"[[[[Premise]]]]: A couple walk hand in hand down a street.>>>>[[[[Hypothesis]]]]: A [[couple]] is [[sitting]] on a [[bench]].",1.0,0.8268412947654724,"[[[[Premise]]]]: A couple walk hand in hand down a street.>>>>[[[[Hypothesis]]]]: A [[linkage]] is [[rideing]] on a [[pew]].","Successful"
0.0,1870.0,0.0,0.00021523237228393555,"[[[[Premise]]]]: One tan girl with a wool hat is running and leaning over an object, while another person in a wool hat is sitting on the ground.>>>>[[[[Hypothesis]]]]: A [[boy]] [[runs]] into a [[wall]]",0.0,0.2176227569580078,"[[[[Premise]]]]: One tan girl with a wool hat is running and leaning over an object, while another person in a wool hat is sitting on the ground.>>>>[[[[Hypothesis]]]]: A [[lad]] [[moves]] into a [[enclosure]]","Failed"
1.0,58.0,1.0,0.25898319482803345,"[[[[Premise]]]]: 3 young man in hoods standing in the middle of a quiet street facing the camera.>>>>[[[[Hypothesis]]]]: Three hood wearing people pose for a [[picture]].",2.0,0.9992510676383972,"[[[[Premise]]]]: 3 young man in hoods standing in the middle of a quiet street facing the camera.>>>>[[[[Hypothesis]]]]: Three hood wearing people pose for a [[foundation]].","Successful"
1.0,90.0,1.0,0.036893248558044434,"[[[[Premise]]]]: 3 young man in hoods standing in the middle of a quiet street facing the camera.>>>>[[[[Hypothesis]]]]: Three hood wearing people stand in a [[street]].",0.0,0.9991683959960938,"[[[[Premise]]]]: 3 young man in hoods standing in the middle of a quiet street facing the camera.>>>>[[[[Hypothesis]]]]: Three hood wearing people stand in a [[slide]].","Successful"
1.0,58.0,1.0,0.018401622772216797,"[[[[Premise]]]]: A man reads the paper in a bar with green lighting.>>>>[[[[Hypothesis]]]]: The [[man]] is inside.",0.0,0.9988749623298645,"[[[[Premise]]]]: A man reads the paper in a bar with green lighting.>>>>[[[[Hypothesis]]]]: The [[guerrilla]] is inside.","Successful"
2.0,58.0,2.0,0.004641592502593994,"[[[[Premise]]]]: A man reads the paper in a bar with green lighting.>>>>[[[[Hypothesis]]]]: The [[man]] is reading the sportspage.",0.0,0.9643905758857727,"[[[[Premise]]]]: A man reads the paper in a bar with green lighting.>>>>[[[[Hypothesis]]]]: The [[ape]] is reading the sportspage.","Successful"
0.0,48.0,0.0,0.01016700267791748,"[[[[Premise]]]]: A young family enjoys feeling ocean waves lap at their feet.>>>>[[[[Hypothesis]]]]: A family is out at a [[restaurant]].",0.0,0.01547163724899292,"[[[[Premise]]]]: A young family enjoys feeling ocean waves lap at their feet.>>>>[[[[Hypothesis]]]]: A family is out at a [[bistro]].","Failed"
2.0,1623.0,2.0,0.05713200569152832,"[[[[Premise]]]]: Three firefighter come out of subway station.>>>>[[[[Hypothesis]]]]: Three firefighters [[putting]] out a fire inside of a subway station.",0.0,0.9934077858924866,"[[[[Premise]]]]: Three firefighter come out of subway station.>>>>[[[[Hypothesis]]]]: Three firefighters [[reclining]] out a fire inside of a subway station.","Successful"
1.0,66.0,1.0,0.2043856382369995,"[[[[Premise]]]]: Three firefighter come out of subway station.>>>>[[[[Hypothesis]]]]: Three firefighters coming up from a subway [[station]].",2.0,0.9912552237510681,"[[[[Premise]]]]: Three firefighter come out of subway station.>>>>[[[[Hypothesis]]]]: Three firefighters coming up from a subway [[watchtower]].","Successful"
0.0,2968.0,0.0,3.0040740966796875e-05,"[[[[Premise]]]]: A man reads the paper in a bar with green lighting.>>>>[[[[Hypothesis]]]]: The [[man]] is [[climbing]] a [[mountain]].",2.0,0.9951130747795105,"[[[[Premise]]]]: A man reads the paper in a bar with green lighting.>>>>[[[[Hypothesis]]]]: The [[guidance]] is [[aggrandizing]] a [[hump]].","Successful"
0.0,165.0,0.0,0.003543555736541748,"[[[[Premise]]]]: Three firefighter come out of subway station.>>>>[[[[Hypothesis]]]]: Three firefighters [[playing]] cards inside a fire station.",2.0,0.9420494437217712,"[[[[Premise]]]]: Three firefighter come out of subway station.>>>>[[[[Hypothesis]]]]: Three firefighters [[reenacting]] cards inside a fire station.","Successful"
1.0,54.0,1.0,0.012006521224975586,"[[[[Premise]]]]: A person wearing a straw hat, standing outside working a steel apparatus with a pile of coconuts on the ground.>>>>[[[[Hypothesis]]]]: A person is near a pile of [[coconuts]].",0.0,0.999471127986908,"[[[[Premise]]]]: A person wearing a straw hat, standing outside working a steel apparatus with a pile of coconuts on the ground.>>>>[[[[Hypothesis]]]]: A person is near a pile of [[blueberries]].","Successful"
2.0,54.0,2.0,0.008472740650177002,"[[[[Premise]]]]: A person wearing a straw hat, standing outside working a steel apparatus with a pile of coconuts on the ground.>>>>[[[[Hypothesis]]]]: A person is selling [[coconuts]].",0.0,0.9990013837814331,"[[[[Premise]]]]: A person wearing a straw hat, standing outside working a steel apparatus with a pile of coconuts on the ground.>>>>[[[[Hypothesis]]]]: A person is selling [[walnuts]].","Successful"
0.0,396.0,0.0,0.0011575818061828613,"[[[[Premise]]]]: A person wearing a straw hat, standing outside working a steel apparatus with a pile of coconuts on the ground.>>>>[[[[Hypothesis]]]]: A person is [[burning]] a straw hat.",1.0,0.9939737319946289,"[[[[Premise]]]]: A person wearing a straw hat, standing outside working a steel apparatus with a pile of coconuts on the ground.>>>>[[[[Hypothesis]]]]: A person is [[charing]] a straw hat.","Successful"
1.0,1.0,2.0,0.8084684610366821,"[[[[Premise]]]]: Male in a blue jacket decides to lay in the grass.>>>>[[[[Hypothesis]]]]: The guy wearing a blue jacket is laying on the green grass",2.0,0.8084684610366821,"[[[[Premise]]]]: Male in a blue jacket decides to lay in the grass.>>>>[[[[Hypothesis]]]]: The guy wearing a blue jacket is laying on the green grass","Skipped"
0.0,458.0,0.0,0.02724921703338623,"[[[[Premise]]]]: Male in a blue jacket decides to lay in the grass.>>>>[[[[Hypothesis]]]]: The [[guy]] in yellow is rolling on the grass",2.0,0.6898015737533569,"[[[[Premise]]]]: Male in a blue jacket decides to lay in the grass.>>>>[[[[Hypothesis]]]]: The [[brother]] in yellow is rolling on the grass","Successful"
2.0,748.0,2.0,0.04888099431991577,"[[[[Premise]]]]: Male in a blue jacket decides to lay in the grass.>>>>[[[[Hypothesis]]]]: The guy wearing a blue jacket is laying on the green [[grass]] taking a nap.",0.0,0.9938898086547852,"[[[[Premise]]]]: Male in a blue jacket decides to lay in the grass.>>>>[[[[Hypothesis]]]]: The guy wearing a blue jacket is laying on the green [[cactus]] taking a nap.","Successful"
0.0,1.0,2.0,0.86874920129776,"[[[[Premise]]]]: During calf roping a cowboy calls off his horse.>>>>[[[[Hypothesis]]]]: Cowboy falling off horse.",2.0,0.86874920129776,"[[[[Premise]]]]: During calf roping a cowboy calls off his horse.>>>>[[[[Hypothesis]]]]: Cowboy falling off horse.","Skipped"
0.0,1.0,2.0,0.6427712440490723,"[[[[Premise]]]]: During calf roping a cowboy calls off his horse.>>>>[[[[Hypothesis]]]]: A man ropes a calf successfully.",2.0,0.6427712440490723,"[[[[Premise]]]]: During calf roping a cowboy calls off his horse.>>>>[[[[Hypothesis]]]]: A man ropes a calf successfully.","Skipped"
2.0,404.0,2.0,0.011610269546508789,"[[[[Premise]]]]: During calf roping a cowboy calls off his horse.>>>>[[[[Hypothesis]]]]: A first time roper falls off his [[horse]].",0.0,0.9989435076713562,"[[[[Premise]]]]: During calf roping a cowboy calls off his horse.>>>>[[[[Hypothesis]]]]: A first time roper falls off his [[donkey]].","Successful"
2.0,94.0,2.0,0.029618799686431885,"[[[[Premise]]]]: A little boy in a gray and white striped sweater and tan pants is playing on a piece of playground equipment.>>>>[[[[Hypothesis]]]]: The boy is [[playing]] on the swings after school.",0.0,0.9968069791793823,"[[[[Premise]]]]: A little boy in a gray and white striped sweater and tan pants is playing on a piece of playground equipment.>>>>[[[[Hypothesis]]]]: The boy is [[singing]] on the swings after school.","Successful"
0.0,3803.0,0.0,9.59634780883789e-05,"[[[[Premise]]]]: A little boy in a gray and white striped sweater and tan pants is playing on a piece of playground equipment.>>>>[[[[Hypothesis]]]]: The boy is [[sitting]] on the school bus on his [[way]] [[home]].",2.0,0.8923502564430237,"[[[[Premise]]]]: A little boy in a gray and white striped sweater and tan pants is playing on a piece of playground equipment.>>>>[[[[Hypothesis]]]]: The boy is [[crouching]] on the school bus on his [[slide]] [[domestically]].","Successful"
2.0,2177.0,2.0,0.0021743178367614746,"[[[[Premise]]]]: A woman wearing a ball cap squats down to touch the cracked earth.>>>>[[[[Hypothesis]]]]: An archeologist [[wearing]] a [[hat]] squats to examine the [[site]] for a [[dig]]",0.0,0.8857672214508057,"[[[[Premise]]]]: A woman wearing a ball cap squats down to touch the cracked earth.>>>>[[[[Hypothesis]]]]: An archeologist [[donning]] a [[visor]] squats to examine the [[website]] for a [[chisel]]","Successful"
1.0,192.0,1.0,0.018389463424682617,"[[[[Premise]]]]: A woman wearing a ball cap squats down to touch the cracked earth.>>>>[[[[Hypothesis]]]]: A squatting woman wearing a [[hat]] touching the ground.",0.0,0.9944013953208923,"[[[[Premise]]]]: A woman wearing a ball cap squats down to touch the cracked earth.>>>>[[[[Hypothesis]]]]: A squatting woman wearing a [[sweatband]] touching the ground.","Successful"
0.0,608.0,0.0,0.05391567945480347,"[[[[Premise]]]]: A woman wearing a ball cap squats down to touch the cracked earth.>>>>[[[[Hypothesis]]]]: A [[woman]] wearing a sun bonnet planting a garden.",2.0,0.996179461479187,"[[[[Premise]]]]: A woman wearing a ball cap squats down to touch the cracked earth.>>>>[[[[Hypothesis]]]]: A [[aunty]] wearing a sun bonnet planting a garden.","Successful"
2.0,1.0,0.0,0.951051652431488,"[[[[Premise]]]]: Two children re laying on a rug with some wooden bricks laid out in a square between them.>>>>[[[[Hypothesis]]]]: Two children are building a brick furnace.",0.0,0.951051652431488,"[[[[Premise]]]]: Two children re laying on a rug with some wooden bricks laid out in a square between them.>>>>[[[[Hypothesis]]]]: Two children are building a brick furnace.","Skipped"
0.0,3149.0,0.0,0.00030922889709472656,"[[[[Premise]]]]: Two children re laying on a rug with some wooden bricks laid out in a square between them.>>>>[[[[Hypothesis]]]]: Two [[children]] are [[playing]] [[catch]] at a park.",2.0,0.9935303330421448,"[[[[Premise]]]]: Two children re laying on a rug with some wooden bricks laid out in a square between them.>>>>[[[[Hypothesis]]]]: Two [[grandsons]] are [[reenacting]] [[fascination]] at a park.","Successful"
1.0,16.0,1.0,0.00598299503326416,"[[[[Premise]]]]: Two children re laying on a rug with some wooden bricks laid out in a square between them.>>>>[[[[Hypothesis]]]]: Two [[children]] are on a rug.",0.0,0.9991788268089294,"[[[[Premise]]]]: Two children re laying on a rug with some wooden bricks laid out in a square between them.>>>>[[[[Hypothesis]]]]: Two [[teens]] are on a rug.","Successful"
1.0,21.0,1.0,0.03717166185379028,"[[[[Premise]]]]: A man standing in front of a building on the phone as two men to the side pain on the side.>>>>[[[[Hypothesis]]]]: a [[guy]] near a building stands by two other men",2.0,0.991299033164978,"[[[[Premise]]]]: A man standing in front of a building on the phone as two men to the side pain on the side.>>>>[[[[Hypothesis]]]]: a [[brother]] near a building stands by two other men","Successful"
0.0,1695.0,0.0,0.0003045797348022461,"[[[[Premise]]]]: 3 young man in hoods standing in the middle of a quiet street facing the camera.>>>>[[[[Hypothesis]]]]: Three [[people]] [[sit]] by a [[busy]] street bareheaded.",0.0,0.2421930432319641,"[[[[Premise]]]]: 3 young man in hoods standing in the middle of a quiet street facing the camera.>>>>[[[[Hypothesis]]]]: Three [[publics]] [[straddle]] by a [[hectic]] street bareheaded.","Failed"
2.0,58.0,2.0,0.13104861974716187,"[[[[Premise]]]]: A man standing in front of a building on the phone as two men to the side pain on the side.>>>>[[[[Hypothesis]]]]: a busy [[man]] stands with bodyguards",0.0,0.9967591762542725,"[[[[Premise]]]]: A man standing in front of a building on the phone as two men to the side pain on the side.>>>>[[[[Hypothesis]]]]: a busy [[knight]] stands with bodyguards","Successful"
1.0,55.0,1.0,0.01258939504623413,"[[[[Premise]]]]: The two young girls are dressed as fairies, and are playing in the leaves outdoors.>>>>[[[[Hypothesis]]]]: Girls are [[playing]] outdoors.",0.0,0.9998573660850525,"[[[[Premise]]]]: The two young girls are dressed as fairies, and are playing in the leaves outdoors.>>>>[[[[Hypothesis]]]]: Girls are [[drilling]] outdoors.","Successful"
0.0,3361.0,0.0,0.0031095147132873535,"[[[[Premise]]]]: The two young girls are dressed as fairies, and are playing in the leaves outdoors.>>>>[[[[Hypothesis]]]]: Two girls [[play]] [[dress]] up [[indoors]].",2.0,0.9499833583831787,"[[[[Premise]]]]: The two young girls are dressed as fairies, and are playing in the leaves outdoors.>>>>[[[[Hypothesis]]]]: Two girls [[reprise]] [[getup]] up [[interior]].","Successful"
2.0,48.0,2.0,0.004149675369262695,"[[[[Premise]]]]: The two young girls are dressed as fairies, and are playing in the leaves outdoors.>>>>[[[[Hypothesis]]]]: The two girls [[play]] in the Autumn.",0.0,0.9995546340942383,"[[[[Premise]]]]: The two young girls are dressed as fairies, and are playing in the leaves outdoors.>>>>[[[[Hypothesis]]]]: The two girls [[drill]] in the Autumn.","Successful"
2.0,1.0,0.0,0.5246556997299194,"[[[[Premise]]]]: People jump over a mountain crevasse on a rope.>>>>[[[[Hypothesis]]]]: Some people look visually afraid to jump.",0.0,0.5246556997299194,"[[[[Premise]]]]: People jump over a mountain crevasse on a rope.>>>>[[[[Hypothesis]]]]: Some people look visually afraid to jump.","Skipped"
1.0,164.0,1.0,0.07787662744522095,"[[[[Premise]]]]: People jump over a mountain crevasse on a rope.>>>>[[[[Hypothesis]]]]: People are jumping [[outside]].",2.0,0.999110221862793,"[[[[Premise]]]]: People jump over a mountain crevasse on a rope.>>>>[[[[Hypothesis]]]]: People are jumping [[last]].","Successful"
0.0,3116.0,0.0,0.0006226897239685059,"[[[[Premise]]]]: People jump over a mountain crevasse on a rope.>>>>[[[[Hypothesis]]]]: [[People]] [[slide]] over a mountain crevasse on a [[slide]].",1.0,0.9969255924224854,"[[[[Premise]]]]: People jump over a mountain crevasse on a rope.>>>>[[[[Hypothesis]]]]: [[Publics]] [[glide]] over a mountain crevasse on a [[trajectory]].","Successful"
1.0,66.0,1.0,0.04956430196762085,"[[[[Premise]]]]: A snowboarder on a wide plain of snow>>>>[[[[Hypothesis]]]]: A [[snow]] field with a snowboarder on it",0.0,0.9997652173042297,"[[[[Premise]]]]: A snowboarder on a wide plain of snow>>>>[[[[Hypothesis]]]]: A [[rain]] field with a snowboarder on it","Successful"
2.0,1.0,1.0,0.6549694538116455,"[[[[Premise]]]]: A snowboarder on a wide plain of snow>>>>[[[[Hypothesis]]]]: A snowboarder gliding over a field of snow",1.0,0.6549694538116455,"[[[[Premise]]]]: A snowboarder on a wide plain of snow>>>>[[[[Hypothesis]]]]: A snowboarder gliding over a field of snow","Skipped"
2.0,1.0,0.0,0.9992154240608215,"[[[[Premise]]]]: A snowboarder on a wide plain of snow>>>>[[[[Hypothesis]]]]: A snowmobile in a blizzard",0.0,0.9992154240608215,"[[[[Premise]]]]: A snowboarder on a wide plain of snow>>>>[[[[Hypothesis]]]]: A snowmobile in a blizzard","Skipped"
0.0,18.0,0.0,0.0010429620742797852,"[[[[Premise]]]]: An older women tending to a garden.>>>>[[[[Hypothesis]]]]: The lady is [[cooking]] dinner",2.0,0.9544916152954102,"[[[[Premise]]]]: An older women tending to a garden.>>>>[[[[Hypothesis]]]]: The lady is [[curing]] dinner","Successful"
2.0,25.0,2.0,0.026180684566497803,"[[[[Premise]]]]: An older women tending to a garden.>>>>[[[[Hypothesis]]]]: The lady is [[weeding]] her garden",0.0,0.9964135885238647,"[[[[Premise]]]]: An older women tending to a garden.>>>>[[[[Hypothesis]]]]: The lady is [[discarding]] her garden","Successful"
1.0,10.0,1.0,0.15169554948806763,"[[[[Premise]]]]: An older women tending to a garden.>>>>[[[[Hypothesis]]]]: The [[lady]] has a garden",2.0,0.9867538213729858,"[[[[Premise]]]]: An older women tending to a garden.>>>>[[[[Hypothesis]]]]: The [[aunt]] has a garden","Successful"
0.0,42.0,0.0,0.0004006028175354004,"[[[[Premise]]]]: A man in a black shirt overlooking bike maintenance.>>>>[[[[Hypothesis]]]]: A man [[destroys]] a bike.",2.0,0.9658500552177429,"[[[[Premise]]]]: A man in a black shirt overlooking bike maintenance.>>>>[[[[Hypothesis]]]]: A man [[manhandles]] a bike.","Successful"
1.0,127.0,1.0,0.013232052326202393,"[[[[Premise]]]]: A man in a black shirt overlooking bike maintenance.>>>>[[[[Hypothesis]]]]: A man watches [[bike]] repairs.",0.0,0.9999008774757385,"[[[[Premise]]]]: A man in a black shirt overlooking bike maintenance.>>>>[[[[Hypothesis]]]]: A man watches [[rickshaw]] repairs.","Successful"
2.0,246.0,2.0,0.00818556547164917,"[[[[Premise]]]]: A man in a black shirt overlooking bike maintenance.>>>>[[[[Hypothesis]]]]: A man learns [[bike]] maintenance.",0.0,0.9997687935829163,"[[[[Premise]]]]: A man in a black shirt overlooking bike maintenance.>>>>[[[[Hypothesis]]]]: A man learns [[rickshaw]] maintenance.","Successful"
0.0,196.0,0.0,0.004387855529785156,"[[[[Premise]]]]: A man in a black shirt is looking at a bike in a workshop.>>>>[[[[Hypothesis]]]]: A man is wearing a [[red]] shirt",2.0,0.7976231575012207,"[[[[Premise]]]]: A man in a black shirt is looking at a bike in a workshop.>>>>[[[[Hypothesis]]]]: A man is wearing a [[flush]] shirt","Successful"
1.0,581.0,1.0,0.08221471309661865,"[[[[Premise]]]]: A man in a black shirt is looking at a bike in a workshop.>>>>[[[[Hypothesis]]]]: A man is in a black [[shirt]]",0.0,0.999724268913269,"[[[[Premise]]]]: A man in a black shirt is looking at a bike in a workshop.>>>>[[[[Hypothesis]]]]: A man is in a black [[robe]]","Successful"
2.0,320.0,2.0,0.0021639466285705566,"[[[[Premise]]]]: A man in a black shirt is looking at a bike in a workshop.>>>>[[[[Hypothesis]]]]: A man is deciding which [[bike]] to buy",0.0,0.9304788708686829,"[[[[Premise]]]]: A man in a black shirt is looking at a bike in a workshop.>>>>[[[[Hypothesis]]]]: A man is deciding which [[rickshaw]] to buy","Successful"
1.0,24.0,1.0,0.009531795978546143,"[[[[Premise]]]]: A man looking over a bicycle's rear wheel in the maintenance garage with various tools visible in the background.>>>>[[[[Hypothesis]]]]: A [[person]] is in a garage.",0.0,0.9997392296791077,"[[[[Premise]]]]: A man looking over a bicycle's rear wheel in the maintenance garage with various tools visible in the background.>>>>[[[[Hypothesis]]]]: A [[ape]] is in a garage.","Successful"
1.0,1.0,2.0,0.550540566444397,"[[[[Premise]]]]: A man looking over a bicycle's rear wheel in the maintenance garage with various tools visible in the background.>>>>[[[[Hypothesis]]]]: A man repairs bicycles.",2.0,0.550540566444397,"[[[[Premise]]]]: A man looking over a bicycle's rear wheel in the maintenance garage with various tools visible in the background.>>>>[[[[Hypothesis]]]]: A man repairs bicycles.","Skipped"
0.0,58.0,0.0,0.42110931873321533,"[[[[Premise]]]]: A man looking over a bicycle's rear wheel in the maintenance garage with various tools visible in the background.>>>>[[[[Hypothesis]]]]: A [[man]] waits outside a garage.",1.0,0.9791363477706909,"[[[[Premise]]]]: A man looking over a bicycle's rear wheel in the maintenance garage with various tools visible in the background.>>>>[[[[Hypothesis]]]]: A [[humankind]] waits outside a garage.","Successful"
0.0,657.0,0.0,0.011485636234283447,"[[[[Premise]]]]: Three people sit on a bench at a station, the man looks oddly at the two women, the redheaded women looks up and forward in an awkward position, and the yellow blond girl twiddles with her hair.>>>>[[[[Hypothesis]]]]: Some people [[stand]] around.",1.0,0.9970980882644653,"[[[[Premise]]]]: Three people sit on a bench at a station, the man looks oddly at the two women, the redheaded women looks up and forward in an awkward position, and the yellow blond girl twiddles with her hair.>>>>[[[[Hypothesis]]]]: Some people [[position]] around.","Successful"
0.0,34.0,0.0,0.0002333521842956543,"[[[[Premise]]]]: Three people sit on a bench at a station, the man looks oddly at the two women, the redheaded women looks up and forward in an awkward position, and the yellow blond girl twiddles with her hair.>>>>[[[[Hypothesis]]]]: People [[run]] together.",2.0,0.9993950128555298,"[[[[Premise]]]]: Three people sit on a bench at a station, the man looks oddly at the two women, the redheaded women looks up and forward in an awkward position, and the yellow blond girl twiddles with her hair.>>>>[[[[Hypothesis]]]]: People [[supervise]] together.","Successful"
1.0,15.0,1.0,0.06791216135025024,"[[[[Premise]]]]: Three people sit on a bench at a station, the man looks oddly at the two women, the redheaded women looks up and forward in an awkward position, and the yellow blond girl twiddles with her hair.>>>>[[[[Hypothesis]]]]: People wait at a [[station]].",0.0,0.9998132586479187,"[[[[Premise]]]]: Three people sit on a bench at a station, the man looks oddly at the two women, the redheaded women looks up and forward in an awkward position, and the yellow blond girl twiddles with her hair.>>>>[[[[Hypothesis]]]]: People wait at a [[bunker]].","Successful"
1.0,176.0,1.0,0.028193116188049316,"[[[[Premise]]]]: A child wearing a red top is standing behind a blond headed child sitting in a wheelbarrow.>>>>[[[[Hypothesis]]]]: A [[child]] wearing a red top is standing behind a blond headed child",0.0,0.9996594786643982,"[[[[Premise]]]]: A child wearing a red top is standing behind a blond headed child sitting in a wheelbarrow.>>>>[[[[Hypothesis]]]]: A [[bambino]] wearing a red top is standing behind a blond headed child","Successful"
0.0,250.0,0.0,0.0032862424850463867,"[[[[Premise]]]]: A child wearing a red top is standing behind a blond headed child sitting in a wheelbarrow.>>>>[[[[Hypothesis]]]]: A child wearing a red top is [[standing]] on top of a blond headed child",2.0,0.9713711738586426,"[[[[Premise]]]]: A child wearing a red top is standing behind a blond headed child sitting in a wheelbarrow.>>>>[[[[Hypothesis]]]]: A child wearing a red top is [[counting]] on top of a blond headed child","Successful"
2.0,138.0,2.0,0.04585111141204834,"[[[[Premise]]]]: A child wearing a red top is standing behind a blond headed child sitting in a wheelbarrow.>>>>[[[[Hypothesis]]]]: A child wearing a red top is [[standing]] behind a pretty blond headed child",0.0,0.947822630405426,"[[[[Premise]]]]: A child wearing a red top is standing behind a blond headed child sitting in a wheelbarrow.>>>>[[[[Hypothesis]]]]: A child wearing a red top is [[beding]] behind a pretty blond headed child","Successful"
0.0,582.0,0.0,4.673004150390625e-05,"[[[[Premise]]]]: A man standing in front of a building on the phone as two men to the side pain on the side.>>>>[[[[Hypothesis]]]]: two [[girls]] [[walk]] through a [[hall]]",0.0,0.3805241584777832,"[[[[Premise]]]]: A man standing in front of a building on the phone as two men to the side pain on the side.>>>>[[[[Hypothesis]]]]: two [[blondes]] [[accompany]] through a [[room]]","Failed"
2.0,63.0,2.0,0.3770638108253479,"[[[[Premise]]]]: A person dressed in a dress with flowers and a stuffed bee attached to it, is pushing a baby stroller down the street.>>>>[[[[Hypothesis]]]]: An old lady pushing a stroller down a busy [[street]].",0.0,0.9939623475074768,"[[[[Premise]]]]: A person dressed in a dress with flowers and a stuffed bee attached to it, is pushing a baby stroller down the street.>>>>[[[[Hypothesis]]]]: An old lady pushing a stroller down a busy [[slide]].","Successful"
1.0,196.0,1.0,0.014435827732086182,"[[[[Premise]]]]: A person dressed in a dress with flowers and a stuffed bee attached to it, is pushing a baby stroller down the street.>>>>[[[[Hypothesis]]]]: A person [[outside]] pushing a stroller.",2.0,0.9984135627746582,"[[[[Premise]]]]: A person dressed in a dress with flowers and a stuffed bee attached to it, is pushing a baby stroller down the street.>>>>[[[[Hypothesis]]]]: A person [[roughly]] pushing a stroller.","Successful"
2.0,42.0,2.0,0.008959591388702393,"[[[[Premise]]]]: A dog jumping for a Frisbee in the snow.>>>>[[[[Hypothesis]]]]: A [[pet]] is enjoying a game of fetch with his owner.",0.0,0.9998227953910828,"[[[[Premise]]]]: A dog jumping for a Frisbee in the snow.>>>>[[[[Hypothesis]]]]: A [[cat]] is enjoying a game of fetch with his owner.","Successful"
0.0,1289.0,0.0,2.300739288330078e-05,"[[[[Premise]]]]: A dog jumping for a Frisbee in the snow.>>>>[[[[Hypothesis]]]]: A [[cat]] [[washes]] his [[face]] and whiskers with his front paw.",2.0,0.9272343516349792,"[[[[Premise]]]]: A dog jumping for a Frisbee in the snow.>>>>[[[[Hypothesis]]]]: A [[pet]] [[flushes]] his [[air]] and whiskers with his front paw.","Successful"
1.0,309.0,1.0,0.021222829818725586,"[[[[Premise]]]]: A dog jumping for a Frisbee in the snow.>>>>[[[[Hypothesis]]]]: An [[animal]] is outside in the cold weather, playing with a plastic toy.",0.0,0.9997860193252563,"[[[[Premise]]]]: A dog jumping for a Frisbee in the snow.>>>>[[[[Hypothesis]]]]: An [[elephant]] is outside in the cold weather, playing with a plastic toy.","Successful"
2.0,38.0,2.0,0.21353167295455933,"[[[[Premise]]]]: People are conversing at a dining table under a canopy.>>>>[[[[Hypothesis]]]]: People at a [[party]] are seated for dinner on the lawn.",0.0,0.9947645664215088,"[[[[Premise]]]]: People are conversing at a dining table under a canopy.>>>>[[[[Hypothesis]]]]: People at a [[ball]] are seated for dinner on the lawn.","Successful"
1.0,102.0,1.0,0.015722215175628662,"[[[[Premise]]]]: People are conversing at a dining table under a canopy.>>>>[[[[Hypothesis]]]]: People are talking underneath a [[covering]].",0.0,0.9999611377716064,"[[[[Premise]]]]: People are conversing at a dining table under a canopy.>>>>[[[[Hypothesis]]]]: People are talking underneath a [[toolbox]].","Successful"
0.0,2750.0,0.0,4.398822784423828e-05,"[[[[Premise]]]]: People are conversing at a dining table under a canopy.>>>>[[[[Hypothesis]]]]: [[People]] are [[screaming]] at a boxing [[match]].",1.0,0.9915833473205566,"[[[[Premise]]]]: People are conversing at a dining table under a canopy.>>>>[[[[Hypothesis]]]]: [[Folks]] are [[clinking]] at a boxing [[proportion]].","Successful"
1.0,1.0,1.0,0.0541607141494751,"[[[[Premise]]]]: A little boy in a gray and white striped sweater and tan pants is playing on a piece of playground equipment.>>>>[[[[Hypothesis]]]]: A boy is on a playground.",1.0,0.0541607141494751,"[[[[Premise]]]]: A little boy in a gray and white striped sweater and tan pants is playing on a piece of playground equipment.>>>>[[[[Hypothesis]]]]: A boy is on a playground.","Failed"
1.0,133.0,1.0,0.03975558280944824,"[[[[Premise]]]]: A girl playing a violin along with a group of people>>>>[[[[Hypothesis]]]]: A girl is playing an [[instrument]].",0.0,0.9999619126319885,"[[[[Premise]]]]: A girl playing a violin along with a group of people>>>>[[[[Hypothesis]]]]: A girl is playing an [[pottery]].","Successful"
2.0,55.0,2.0,0.013639450073242188,"[[[[Premise]]]]: A girl playing a violin along with a group of people>>>>[[[[Hypothesis]]]]: A group of people are [[playing]] in a symphony.",0.0,0.9997859597206116,"[[[[Premise]]]]: A girl playing a violin along with a group of people>>>>[[[[Hypothesis]]]]: A group of people are [[drilling]] in a symphony.","Successful"
2.0,55.0,2.0,0.028697967529296875,"[[[[Premise]]]]: A woman within an orchestra is playing a violin.>>>>[[[[Hypothesis]]]]: A woman is [[playing]] a concert.",0.0,0.9999366998672485,"[[[[Premise]]]]: A woman within an orchestra is playing a violin.>>>>[[[[Hypothesis]]]]: A woman is [[juggling]] a concert.","Successful"
1.0,104.0,1.0,0.022469699382781982,"[[[[Premise]]]]: A woman within an orchestra is playing a violin.>>>>[[[[Hypothesis]]]]: A woman is [[playing]] the violin.",0.0,0.9999695420265198,"[[[[Premise]]]]: A woman within an orchestra is playing a violin.>>>>[[[[Hypothesis]]]]: A woman is [[juggling]] the violin.","Successful"
0.0,2777.0,0.0,2.6226043701171875e-05,"[[[[Premise]]]]: A woman within an orchestra is playing a violin.>>>>[[[[Hypothesis]]]]: A [[man]] is [[looking]] in a [[telescope]].",1.0,0.9996511340141296,"[[[[Premise]]]]: A woman within an orchestra is playing a violin.>>>>[[[[Hypothesis]]]]: A [[human]] is [[tending]] in a [[condensation]].","Successful"
2.0,59.0,2.0,0.02606332302093506,"[[[[Premise]]]]: Three men, one holding pipes, another holding a large object above his head, and one resting against the pipe bed on the truck, are looking at the camera.>>>>[[[[Hypothesis]]]]: three men [[going]] to work",0.0,0.9993471503257751,"[[[[Premise]]]]: Three men, one holding pipes, another holding a large object above his head, and one resting against the pipe bed on the truck, are looking at the camera.>>>>[[[[Hypothesis]]]]: three men [[streaking]] to work","Successful"
1.0,25.0,1.0,0.013091444969177246,"[[[[Premise]]]]: Three men, one holding pipes, another holding a large object above his head, and one resting against the pipe bed on the truck, are looking at the camera.>>>>[[[[Hypothesis]]]]: three men [[look]] at the camera",0.0,0.9996698498725891,"[[[[Premise]]]]: Three men, one holding pipes, another holding a large object above his head, and one resting against the pipe bed on the truck, are looking at the camera.>>>>[[[[Hypothesis]]]]: three men [[fall]] at the camera","Successful"
0.0,2783.0,0.0,7.390975952148438e-05,"[[[[Premise]]]]: A girl playing a violin along with a group of people>>>>[[[[Hypothesis]]]]: A [[girl]] is [[washing]] a [[load]] of laundry.",0.0,0.3204941153526306,"[[[[Premise]]]]: A girl playing a violin along with a group of people>>>>[[[[Hypothesis]]]]: A [[female]] is [[freshening]] a [[liability]] of laundry.","Failed"
1.0,305.0,1.0,0.030740320682525635,"[[[[Premise]]]]: A Ford car is making a right turn as 3 males are walking across the street behind the car.>>>>[[[[Hypothesis]]]]: A [[car]] making a right turn had three pedestrians cross behind it.",0.0,0.9995929002761841,"[[[[Premise]]]]: A Ford car is making a right turn as 3 males are walking across the street behind the car.>>>>[[[[Hypothesis]]]]: A [[motorcycle]] making a right turn had three pedestrians cross behind it.","Successful"
2.0,1.0,1.0,0.8987984657287598,"[[[[Premise]]]]: A Ford car is making a right turn as 3 males are walking across the street behind the car.>>>>[[[[Hypothesis]]]]: A sedan was turning a corner as walkers were crossing.",1.0,0.8987984657287598,"[[[[Premise]]]]: A Ford car is making a right turn as 3 males are walking across the street behind the car.>>>>[[[[Hypothesis]]]]: A sedan was turning a corner as walkers were crossing.","Skipped"
0.0,1041.0,0.0,0.45181262493133545,"[[[[Premise]]]]: A Ford car is making a right turn as 3 males are walking across the street behind the car.>>>>[[[[Hypothesis]]]]: A car proceeding [[straight]] as pedestrians walked across the road in back of it.",1.0,0.9974241852760315,"[[[[Premise]]]]: A Ford car is making a right turn as 3 males are walking across the street behind the car.>>>>[[[[Hypothesis]]]]: A car proceeding [[upright]] as pedestrians walked across the road in back of it.","Successful"
0.0,1105.0,0.0,0.0001919865608215332,"[[[[Premise]]]]: A person dressed in a dress with flowers and a stuffed bee attached to it, is pushing a baby stroller down the street.>>>>[[[[Hypothesis]]]]: A [[lady]] [[sitting]] on a [[bench]] in the [[park]].",0.0,0.004219651222229004,"[[[[Premise]]]]: A person dressed in a dress with flowers and a stuffed bee attached to it, is pushing a baby stroller down the street.>>>>[[[[Hypothesis]]]]: A [[aunty]] [[straddling]] on a [[pew]] in the [[garden]].","Failed"
0.0,11.0,0.0,0.001610398292541504,"[[[[Premise]]]]: Three boys in white shirts are walking behind an older model Ford car.>>>>[[[[Hypothesis]]]]: There are three [[girls]]",2.0,0.9977608919143677,"[[[[Premise]]]]: Three boys in white shirts are walking behind an older model Ford car.>>>>[[[[Hypothesis]]]]: There are three [[blondes]]","Successful"
1.0,1.0,2.0,0.7024650573730469,"[[[[Premise]]]]: Three boys in white shirts are walking behind an older model Ford car.>>>>[[[[Hypothesis]]]]: The boys are on the street",2.0,0.7024650573730469,"[[[[Premise]]]]: Three boys in white shirts are walking behind an older model Ford car.>>>>[[[[Hypothesis]]]]: The boys are on the street","Skipped"
1.0,19.0,1.0,0.18617093563079834,"[[[[Premise]]]]: Three girls blow out the candles of a cake made of Peeps.>>>>[[[[Hypothesis]]]]: Some people are blowing out [[candles]]",0.0,0.9998793005943298,"[[[[Premise]]]]: Three girls blow out the candles of a cake made of Peeps.>>>>[[[[Hypothesis]]]]: Some people are blowing out [[floodlights]]","Successful"
1.0,124.0,1.0,0.01079857349395752,"[[[[Premise]]]]: Three girls blow out the candles of a cake made of Peeps.>>>>[[[[Hypothesis]]]]: There are three girls and a [[cake]]",0.0,0.9999202489852905,"[[[[Premise]]]]: Three girls blow out the candles of a cake made of Peeps.>>>>[[[[Hypothesis]]]]: There are three girls and a [[salad]]","Successful"
0.0,26.0,0.0,0.6108764410018921,"[[[[Premise]]]]: Three girls blow out the candles of a cake made of Peeps.>>>>[[[[Hypothesis]]]]: There are [[peeps]] in the garden.",2.0,0.9884982705116272,"[[[[Premise]]]]: Three girls blow out the candles of a cake made of Peeps.>>>>[[[[Hypothesis]]]]: There are [[tunes]] in the garden.","Successful"
2.0,55.0,2.0,0.003338336944580078,"[[[[Premise]]]]: A crowd of people looking up at 3 people on the edge of the roof of a building.>>>>[[[[Hypothesis]]]]: The crowd is [[calling]] for help for the people on the roof.",0.0,0.9335920810699463,"[[[[Premise]]]]: A crowd of people looking up at 3 people on the edge of the roof of a building.>>>>[[[[Hypothesis]]]]: The crowd is [[roaring]] for help for the people on the roof.","Successful"
1.0,1.0,0.0,0.941936194896698,"[[[[Premise]]]]: A crowd of people looking up at 3 people on the edge of the roof of a building.>>>>[[[[Hypothesis]]]]: The crowd on the ground is watching 3 people on the roof's edge.",0.0,0.941936194896698,"[[[[Premise]]]]: A crowd of people looking up at 3 people on the edge of the roof of a building.>>>>[[[[Hypothesis]]]]: The crowd on the ground is watching 3 people on the roof's edge.","Skipped"
0.0,1443.0,0.0,0.002891838550567627,"[[[[Premise]]]]: A crowd of people looking up at 3 people on the edge of the roof of a building.>>>>[[[[Hypothesis]]]]: Three [[people]] are [[climbing]] down the [[ladder]] on the building.",1.0,0.9468271136283875,"[[[[Premise]]]]: A crowd of people looking up at 3 people on the edge of the roof of a building.>>>>[[[[Hypothesis]]]]: Three [[populations]] are [[scaling]] down the [[terrace]] on the building.","Successful"
2.0,17.0,2.0,0.0062329769134521484,"[[[[Premise]]]]: A woman working long hours.>>>>[[[[Hypothesis]]]]: A woman is [[working]] in a factory.",0.0,0.9996391534805298,"[[[[Premise]]]]: A woman working long hours.>>>>[[[[Hypothesis]]]]: A woman is [[playing]] in a factory.","Successful"
1.0,27.0,1.0,0.02969127893447876,"[[[[Premise]]]]: A woman working long hours.>>>>[[[[Hypothesis]]]]: A woman is [[working]].",0.0,0.999880313873291,"[[[[Premise]]]]: A woman working long hours.>>>>[[[[Hypothesis]]]]: A woman is [[playing]].","Successful"
0.0,755.0,0.0,0.0005562901496887207,"[[[[Premise]]]]: A woman working long hours.>>>>[[[[Hypothesis]]]]: A [[woman]] is [[sleeping]].",0.0,0.05320698022842407,"[[[[Premise]]]]: A woman working long hours.>>>>[[[[Hypothesis]]]]: A [[dame]] is [[resting]].","Failed"
0.0,14.0,0.0,0.0034502744674682617,"[[[[Premise]]]]: Two teenage girls conversing next to lockers.>>>>[[[[Hypothesis]]]]: Girls talking [[next]] to the toilet.",2.0,0.9843440055847168,"[[[[Premise]]]]: Two teenage girls conversing next to lockers.>>>>[[[[Hypothesis]]]]: Girls talking [[since]] to the toilet.","Successful"
1.0,7.0,1.0,0.012019932270050049,"[[[[Premise]]]]: Two teenage girls conversing next to lockers.>>>>[[[[Hypothesis]]]]: People talking next to [[lockers]].",0.0,0.999655544757843,"[[[[Premise]]]]: Two teenage girls conversing next to lockers.>>>>[[[[Hypothesis]]]]: People talking next to [[banks]].","Successful"
2.0,90.0,2.0,0.00393754243850708,"[[[[Premise]]]]: Two teenage girls conversing next to lockers.>>>>[[[[Hypothesis]]]]: Girls talking about their [[problems]] next to lockers.",1.0,0.5354790687561035,"[[[[Premise]]]]: Two teenage girls conversing next to lockers.>>>>[[[[Hypothesis]]]]: Girls talking about their [[matters]] next to lockers.","Successful"
2.0,27.0,2.0,0.044450998306274414,"[[[[Premise]]]]: An old woman watches a man look down at some balls on the ground.>>>>[[[[Hypothesis]]]]: An elderly female is [[stalking]] a male.",0.0,0.8622844815254211,"[[[[Premise]]]]: An old woman watches a man look down at some balls on the ground.>>>>[[[[Hypothesis]]]]: An elderly female is [[tailing]] a male.","Successful"
0.0,1.0,2.0,0.9995670318603516,"[[[[Premise]]]]: An old woman watches a man look down at some balls on the ground.>>>>[[[[Hypothesis]]]]: A gray haired person is looking at a gentleman.",2.0,0.9995670318603516,"[[[[Premise]]]]: An old woman watches a man look down at some balls on the ground.>>>>[[[[Hypothesis]]]]: A gray haired person is looking at a gentleman.","Skipped"
0.0,494.0,0.0,6.29425048828125e-05,"[[[[Premise]]]]: An old woman watches a man look down at some balls on the ground.>>>>[[[[Hypothesis]]]]: Two [[people]] are [[sleeping]] on the [[train]].",1.0,0.9978640675544739,"[[[[Premise]]]]: An old woman watches a man look down at some balls on the ground.>>>>[[[[Hypothesis]]]]: Two [[folks]] are [[resting]] on the [[discipline]].","Successful"
2.0,318.0,2.0,0.001479804515838623,"[[[[Premise]]]]: Two children, both wearing tan coats, are embracing one another.>>>>[[[[Hypothesis]]]]: Two [[kids]] are hugging after surviving a horrible car wreck.",0.0,0.9985459446907043,"[[[[Premise]]]]: Two children, both wearing tan coats, are embracing one another.>>>>[[[[Hypothesis]]]]: Two [[lambs]] are hugging after surviving a horrible car wreck.","Successful"
1.0,29.0,1.0,0.006697416305541992,"[[[[Premise]]]]: Two children, both wearing tan coats, are embracing one another.>>>>[[[[Hypothesis]]]]: Two [[kids]] are hugging.",0.0,0.99985671043396,"[[[[Premise]]]]: Two children, both wearing tan coats, are embracing one another.>>>>[[[[Hypothesis]]]]: Two [[lambs]] are hugging.","Successful"
0.0,1907.0,0.0,0.00028592348098754883,"[[[[Premise]]]]: Two children, both wearing tan coats, are embracing one another.>>>>[[[[Hypothesis]]]]: Two [[kids]] are [[running]] down a highway.",2.0,0.6768580079078674,"[[[[Premise]]]]: Two children, both wearing tan coats, are embracing one another.>>>>[[[[Hypothesis]]]]: Two [[preteens]] are [[proceeding]] down a highway.","Successful"
2.0,1733.0,2.0,0.024205446243286133,"[[[[Premise]]]]: 2 kids who look related are hanging out with 1 of them looking very emotional and hugging the other.>>>>[[[[Hypothesis]]]]: A [[couple]] of [[child]] relatives were hugging because they were happy to see each other.",0.0,0.8657130002975464,"[[[[Premise]]]]: 2 kids who look related are hanging out with 1 of them looking very emotional and hugging the other.>>>>[[[[Hypothesis]]]]: A [[paste]] of [[bambino]] relatives were hugging because they were happy to see each other.","Successful"
1.0,29.0,1.0,0.10128313302993774,"[[[[Premise]]]]: 2 kids who look related are hanging out with 1 of them looking very emotional and hugging the other.>>>>[[[[Hypothesis]]]]: Two [[kids]] were hugging.",0.0,0.9978050589561462,"[[[[Premise]]]]: 2 kids who look related are hanging out with 1 of them looking very emotional and hugging the other.>>>>[[[[Hypothesis]]]]: Two [[lambs]] were hugging.","Successful"
0.0,33.0,0.0,0.00560075044631958,"[[[[Premise]]]]: 2 kids who look related are hanging out with 1 of them looking very emotional and hugging the other.>>>>[[[[Hypothesis]]]]: Two youths were [[pushing]] each other.",1.0,0.9987905025482178,"[[[[Premise]]]]: 2 kids who look related are hanging out with 1 of them looking very emotional and hugging the other.>>>>[[[[Hypothesis]]]]: Two youths were [[exerting]] each other.","Successful"
0.0,225.0,0.0,0.0016498565673828125,"[[[[Premise]]]]: A large number of people wearing only white and red are walking on a street.>>>>[[[[Hypothesis]]]]: A large number of people wearing [[black]] walking down the street.",1.0,0.9993877410888672,"[[[[Premise]]]]: A large number of people wearing only white and red are walking on a street.>>>>[[[[Hypothesis]]]]: A large number of people wearing [[disreputable]] walking down the street.","Successful"
2.0,151.0,2.0,0.06444728374481201,"[[[[Premise]]]]: A large number of people wearing only white and red are walking on a street.>>>>[[[[Hypothesis]]]]: A large number of [[men]] walking down the street in red and white.",1.0,0.9862145781517029,"[[[[Premise]]]]: A large number of people wearing only white and red are walking on a street.>>>>[[[[Hypothesis]]]]: A large number of [[folks]] walking down the street in red and white.","Successful"
1.0,455.0,1.0,0.013357281684875488,"[[[[Premise]]]]: A large number of people wearing only white and red are walking on a street.>>>>[[[[Hypothesis]]]]: A large number of people walking on a [[street]].",0.0,0.999923050403595,"[[[[Premise]]]]: A large number of people wearing only white and red are walking on a street.>>>>[[[[Hypothesis]]]]: A large number of people walking on a [[slide]].","Successful"
2.0,602.0,2.0,0.00284576416015625,"[[[[Premise]]]]: A guy riding a motorcycle near junk cars>>>>[[[[Hypothesis]]]]: The man is test driving a [[motorcycle]] to decide whether or not he will buy it.",0.0,0.9996488690376282,"[[[[Premise]]]]: A guy riding a motorcycle near junk cars>>>>[[[[Hypothesis]]]]: The man is test driving a [[van]] to decide whether or not he will buy it.","Successful"
1.0,237.0,1.0,0.021191298961639404,"[[[[Premise]]]]: A guy riding a motorcycle near junk cars>>>>[[[[Hypothesis]]]]: A man is [[riding]] a motorcycle.",0.0,0.9998403191566467,"[[[[Premise]]]]: A guy riding a motorcycle near junk cars>>>>[[[[Hypothesis]]]]: A man is [[separating]] a motorcycle.","Successful"
0.0,434.0,0.0,0.07125198841094971,"[[[[Premise]]]]: A guy riding a motorcycle near junk cars>>>>[[[[Hypothesis]]]]: A man is [[sitting]] on a parked motorcycle waiting for his friend.",2.0,0.9958496689796448,"[[[[Premise]]]]: A guy riding a motorcycle near junk cars>>>>[[[[Hypothesis]]]]: A man is [[rideing]] on a parked motorcycle waiting for his friend.","Successful"
1.0,236.0,1.0,0.09247446060180664,"[[[[Premise]]]]: Women of India performing with blue streamers, in beautiful blue costumes.>>>>[[[[Hypothesis]]]]: indian [[women]] perform together in gorgeous costumes",2.0,0.9804186224937439,"[[[[Premise]]]]: Women of India performing with blue streamers, in beautiful blue costumes.>>>>[[[[Hypothesis]]]]: indian [[aunts]] perform together in gorgeous costumes","Successful"
0.0,11.0,0.0,0.004729330539703369,"[[[[Premise]]]]: Women of India performing with blue streamers, in beautiful blue costumes.>>>>[[[[Hypothesis]]]]: [[dogs]] sniff the air",1.0,0.9959638118743896,"[[[[Premise]]]]: Women of India performing with blue streamers, in beautiful blue costumes.>>>>[[[[Hypothesis]]]]: [[canines]] sniff the air","Successful"
2.0,22.0,2.0,0.0045032501220703125,"[[[[Premise]]]]: Women of India performing with blue streamers, in beautiful blue costumes.>>>>[[[[Hypothesis]]]]: indian women are [[performing]] a religious ritual together",0.0,0.5341144800186157,"[[[[Premise]]]]: Women of India performing with blue streamers, in beautiful blue costumes.>>>>[[[[Hypothesis]]]]: indian women are [[adopting]] a religious ritual together","Successful"
1.0,24.0,1.0,0.015227735042572021,"[[[[Premise]]]]: A professional swimmer spits water out after surfacing while grabbing the hand of someone helping him back to land.>>>>[[[[Hypothesis]]]]: A [[person]] is swimming.",0.0,0.9995826482772827,"[[[[Premise]]]]: A professional swimmer spits water out after surfacing while grabbing the hand of someone helping him back to land.>>>>[[[[Hypothesis]]]]: A [[ape]] is swimming.","Successful"
0.0,812.0,0.0,0.0007889270782470703,"[[[[Premise]]]]: A professional swimmer spits water out after surfacing while grabbing the hand of someone helping him back to land.>>>>[[[[Hypothesis]]]]: The [[swimmer]] is [[eating]] a toasted [[marshmallow]].",2.0,0.5624091625213623,"[[[[Premise]]]]: A professional swimmer spits water out after surfacing while grabbing the hand of someone helping him back to land.>>>>[[[[Hypothesis]]]]: The [[sportsman]] is [[corroding]] a toasted [[sucker]].","Successful"
2.0,93.0,2.0,0.006581664085388184,"[[[[Premise]]]]: A professional swimmer spits water out after surfacing while grabbing the hand of someone helping him back to land.>>>>[[[[Hypothesis]]]]: The [[swimmer]] almost drowned after being sucked under a fast current.",0.0,0.999765932559967,"[[[[Premise]]]]: A professional swimmer spits water out after surfacing while grabbing the hand of someone helping him back to land.>>>>[[[[Hypothesis]]]]: The [[skydiver]] almost drowned after being sucked under a fast current.","Successful"
2.0,58.0,2.0,0.001769721508026123,"[[[[Premise]]]]: The man in the black wetsuit is walking out of the water.>>>>[[[[Hypothesis]]]]: A [[man]] in a wetsuit walks out of the water carrying a surfboard.",0.0,0.9356330037117004,"[[[[Premise]]]]: The man in the black wetsuit is walking out of the water.>>>>[[[[Hypothesis]]]]: A [[ape]] in a wetsuit walks out of the water carrying a surfboard.","Successful"
1.0,19.0,1.0,0.02086317539215088,"[[[[Premise]]]]: The man in the black wetsuit is walking out of the water.>>>>[[[[Hypothesis]]]]: a person is walking out of [[water]].",2.0,0.9983961582183838,"[[[[Premise]]]]: The man in the black wetsuit is walking out of the water.>>>>[[[[Hypothesis]]]]: a person is walking out of [[irrigation]].","Successful"
0.0,251.0,0.0,0.000564873218536377,"[[[[Premise]]]]: The man in the black wetsuit is walking out of the water.>>>>[[[[Hypothesis]]]]: A man is [[laying]] on the beach.",2.0,0.918287992477417,"[[[[Premise]]]]: The man in the black wetsuit is walking out of the water.>>>>[[[[Hypothesis]]]]: A man is [[preceding]] on the beach.","Successful"
2.0,1703.0,2.0,0.004671931266784668,"[[[[Premise]]]]: Five girls and two guys are crossing a overpass.>>>>[[[[Hypothesis]]]]: The extended [[family]] [[hike]] together on their [[family]] reunion.",0.0,0.7398113012313843,"[[[[Premise]]]]: Five girls and two guys are crossing a overpass.>>>>[[[[Hypothesis]]]]: The extended [[household]] [[rise]] together on their [[clan]] reunion.","Successful"
0.0,633.0,0.0,0.00017213821411132812,"[[[[Premise]]]]: Five girls and two guys are crossing a overpass.>>>>[[[[Hypothesis]]]]: The three [[men]] [[sit]] and [[talk]] about their lives.",2.0,0.9981791973114014,"[[[[Premise]]]]: Five girls and two guys are crossing a overpass.>>>>[[[[Hypothesis]]]]: The three [[populations]] [[ride]] and [[articulate]] about their lives.","Successful"
1.0,164.0,1.0,0.0021634697914123535,"[[[[Premise]]]]: Five girls and two guys are crossing a overpass.>>>>[[[[Hypothesis]]]]: There are people [[outside]].",0.0,0.9973980188369751,"[[[[Premise]]]]: Five girls and two guys are crossing a overpass.>>>>[[[[Hypothesis]]]]: There are people [[only]].","Successful"
2.0,48.0,2.0,0.008842289447784424,"[[[[Premise]]]]: A person with a purple shirt is painting an image of a woman on a white wall.>>>>[[[[Hypothesis]]]]: A woman [[paints]] a portrait of her best friend.",0.0,0.9494132399559021,"[[[[Premise]]]]: A person with a purple shirt is painting an image of a woman on a white wall.>>>>[[[[Hypothesis]]]]: A woman [[scrabble]] a portrait of her best friend.","Successful"
2.0,1.0,1.0,0.81109619140625,"[[[[Premise]]]]: A person with a purple shirt is painting an image of a woman on a white wall.>>>>[[[[Hypothesis]]]]: A woman paints a portrait of a person.",1.0,0.81109619140625,"[[[[Premise]]]]: A person with a purple shirt is painting an image of a woman on a white wall.>>>>[[[[Hypothesis]]]]: A woman paints a portrait of a person.","Skipped"
0.0,98.0,0.0,0.003267049789428711,"[[[[Premise]]]]: A person with a purple shirt is painting an image of a woman on a white wall.>>>>[[[[Hypothesis]]]]: A woman paints a portrait of a [[monkey]].",2.0,0.949680745601654,"[[[[Premise]]]]: A person with a purple shirt is painting an image of a woman on a white wall.>>>>[[[[Hypothesis]]]]: A woman paints a portrait of a [[anaconda]].","Successful"
1.0,26.0,1.0,0.004498541355133057,"[[[[Premise]]]]: A woman is painting a mural of a woman's face.>>>>[[[[Hypothesis]]]]: There is a woman [[painting]].",0.0,0.9996733069419861,"[[[[Premise]]]]: A woman is painting a mural of a woman's face.>>>>[[[[Hypothesis]]]]: There is a woman [[glueing]].","Successful"
2.0,86.0,2.0,0.02586585283279419,"[[[[Premise]]]]: A woman is painting a mural of a woman's face.>>>>[[[[Hypothesis]]]]: There is a woman [[painting]] for fun.",0.0,0.9965320229530334,"[[[[Premise]]]]: A woman is painting a mural of a woman's face.>>>>[[[[Hypothesis]]]]: There is a woman [[glueing]] for fun.","Successful"
1.0,3.0,1.0,0.0021042823791503906,"[[[[Premise]]]]: Three boys in white shirts are walking behind an older model Ford car.>>>>[[[[Hypothesis]]]]: there are three [[boys]]",1.0,0.013675987720489502,"[[[[Premise]]]]: Three boys in white shirts are walking behind an older model Ford car.>>>>[[[[Hypothesis]]]]: there are three [[lads]]","Failed"
0.0,160.0,0.0,0.003238499164581299,"[[[[Premise]]]]: A couple is eating outside at a table and he is pointing at something.>>>>[[[[Hypothesis]]]]: A couple is eating [[inside]] at a table and he is pointing at something.",2.0,0.9997058510780334,"[[[[Premise]]]]: A couple is eating outside at a table and he is pointing at something.>>>>[[[[Hypothesis]]]]: A couple is eating [[fortuitously]] at a table and he is pointing at something.","Successful"
0.0,3009.0,0.0,5.2928924560546875e-05,"[[[[Premise]]]]: A woman is painting a mural of a woman's face.>>>>[[[[Hypothesis]]]]: There is a [[man]] [[tying]] his [[shoes]].",1.0,0.9949873685836792,"[[[[Premise]]]]: A woman is painting a mural of a woman's face.>>>>[[[[Hypothesis]]]]: There is a [[human]] [[pasting]] his [[stockings]].","Successful"
2.0,513.0,2.0,0.0017189979553222656,"[[[[Premise]]]]: A couple is eating outside at a table and he is pointing at something.>>>>[[[[Hypothesis]]]]: The man is [[pointing]] at a purse snatcher.",0.0,0.9999396800994873,"[[[[Premise]]]]: A couple is eating outside at a table and he is pointing at something.>>>>[[[[Hypothesis]]]]: The man is [[driving]] at a purse snatcher.","Successful"
1.0,366.0,1.0,0.021332204341888428,"[[[[Premise]]]]: A couple is eating outside at a table and he is pointing at something.>>>>[[[[Hypothesis]]]]: People are eating at a [[table]] outside.",0.0,0.9996680617332458,"[[[[Premise]]]]: A couple is eating outside at a table and he is pointing at something.>>>>[[[[Hypothesis]]]]: People are eating at a [[treadmill]] outside.","Successful"
2.0,15.0,2.0,0.0027013421058654785,"[[[[Premise]]]]: Two women walk down a sidewalk along a busy street in a downtown area.>>>>[[[[Hypothesis]]]]: The women were [[walking]] downtown because the buses were on strike",0.0,0.7381811141967773,"[[[[Premise]]]]: Two women walk down a sidewalk along a busy street in a downtown area.>>>>[[[[Hypothesis]]]]: The women were [[trailing]] downtown because the buses were on strike","Successful"
1.0,15.0,1.0,0.24575763940811157,"[[[[Premise]]]]: Two women walk down a sidewalk along a busy street in a downtown area.>>>>[[[[Hypothesis]]]]: The women were [[walking]] downtown",2.0,0.9701086282730103,"[[[[Premise]]]]: Two women walk down a sidewalk along a busy street in a downtown area.>>>>[[[[Hypothesis]]]]: The women were [[shambling]] downtown","Successful"
2.0,115.0,2.0,0.004886209964752197,"[[[[Premise]]]]: Many people standing outside of a place talking to each other in front of a building that has a sign that says ""HI-POINTE."">>>>[[[[Hypothesis]]]]: The people are having a chat before [[going]] into the work building.",0.0,0.6068457961082458,"[[[[Premise]]]]: Many people standing outside of a place talking to each other in front of a building that has a sign that says ""HI-POINTE."">>>>[[[[Hypothesis]]]]: The people are having a chat before [[floating]] into the work building.","Successful"
1.0,55.0,1.0,0.20137256383895874,"[[[[Premise]]]]: Many people standing outside of a place talking to each other in front of a building that has a sign that says ""HI-POINTE."">>>>[[[[Hypothesis]]]]: The [[group]] of people aren't inide of the building.",0.0,0.964847981929779,"[[[[Premise]]]]: Many people standing outside of a place talking to each other in front of a building that has a sign that says ""HI-POINTE."">>>>[[[[Hypothesis]]]]: The [[creation]] of people aren't inide of the building.","Successful"
0.0,618.0,0.0,0.0001380443572998047,"[[[[Premise]]]]: Many people standing outside of a place talking to each other in front of a building that has a sign that says ""HI-POINTE."">>>>[[[[Hypothesis]]]]: The [[people]] are [[sitting]] in the hotel [[lobby]].",2.0,0.7757564187049866,"[[[[Premise]]]]: Many people standing outside of a place talking to each other in front of a building that has a sign that says ""HI-POINTE."">>>>[[[[Hypothesis]]]]: The [[publics]] are [[straddling]] in the hotel [[reminder]].","Successful"
0.0,3572.0,0.0,7.617473602294922e-05,"[[[[Premise]]]]: Two women walk down a sidewalk along a busy street in a downtown area.>>>>[[[[Hypothesis]]]]: The women were [[picking]] [[berries]] in the [[countryside]]",2.0,0.9852082133293152,"[[[[Premise]]]]: Two women walk down a sidewalk along a busy street in a downtown area.>>>>[[[[Hypothesis]]]]: The women were [[opting]] [[dates]] in the [[town]]","Successful"
2.0,48.0,2.0,0.04244357347488403,"[[[[Premise]]]]: The flight attendant dressed in yellow demonstrates life vest usage.>>>>[[[[Hypothesis]]]]: A flight attendant is standing in [[front]] of passengers.",0.0,0.9958723783493042,"[[[[Premise]]]]: The flight attendant dressed in yellow demonstrates life vest usage.>>>>[[[[Hypothesis]]]]: A flight attendant is standing in [[envelope]] of passengers.","Successful"
0.0,1.0,2.0,0.8767127990722656,"[[[[Premise]]]]: The flight attendant dressed in yellow demonstrates life vest usage.>>>>[[[[Hypothesis]]]]: A woman is preparing drinks on an airplane.",2.0,0.8767127990722656,"[[[[Premise]]]]: The flight attendant dressed in yellow demonstrates life vest usage.>>>>[[[[Hypothesis]]]]: A woman is preparing drinks on an airplane.","Skipped"
1.0,25.0,1.0,0.008120119571685791,"[[[[Premise]]]]: The girls walk down the street.>>>>[[[[Hypothesis]]]]: Girls walk down the [[street]].",0.0,0.999117374420166,"[[[[Premise]]]]: The girls walk down the street.>>>>[[[[Hypothesis]]]]: Girls walk down the [[slide]].","Successful"
0.0,94.0,0.0,0.0028482675552368164,"[[[[Premise]]]]: The girls walk down the street.>>>>[[[[Hypothesis]]]]: Girls [[set]] down in the street.",2.0,0.9983099699020386,"[[[[Premise]]]]: The girls walk down the street.>>>>[[[[Hypothesis]]]]: Girls [[retooled]] down in the street.","Successful"
2.0,40.0,2.0,0.05191141366958618,"[[[[Premise]]]]: The girls walk down the street.>>>>[[[[Hypothesis]]]]: Girls were [[going]] to the park.",0.0,0.9994757175445557,"[[[[Premise]]]]: The girls walk down the street.>>>>[[[[Hypothesis]]]]: Girls were [[floating]] to the park.","Successful"
2.0,1534.0,2.0,0.03313785791397095,"[[[[Premise]]]]: The flight attendant dressed in yellow demonstrates life vest usage.>>>>[[[[Hypothesis]]]]: A flight [[attendant]] is [[demonstrating]] safety [[procedures]] before takeoff.",1.0,0.9142137765884399,"[[[[Premise]]]]: The flight attendant dressed in yellow demonstrates life vest usage.>>>>[[[[Hypothesis]]]]: A flight [[retainer]] is [[featuring]] safety [[processes]] before takeoff.","Successful"
1.0,29.0,1.0,0.009337246417999268,"[[[[Premise]]]]: A man wearing a red uniform and helmet stands on his motorbike.>>>>[[[[Hypothesis]]]]: a person [[standing]].",0.0,0.9998509883880615,"[[[[Premise]]]]: A man wearing a red uniform and helmet stands on his motorbike.>>>>[[[[Hypothesis]]]]: a person [[shopping]].","Successful"
1.0,114.0,1.0,0.009554028511047363,"[[[[Premise]]]]: A man wearing a red uniform and helmet stands on his motorbike.>>>>[[[[Hypothesis]]]]: a [[man]] standing on his motorbike.",2.0,0.9992153644561768,"[[[[Premise]]]]: A man wearing a red uniform and helmet stands on his motorbike.>>>>[[[[Hypothesis]]]]: a [[brother]] standing on his motorbike.","Successful"
0.0,2642.0,0.0,0.00011742115020751953,"[[[[Premise]]]]: A man wearing a red uniform and helmet stands on his motorbike.>>>>[[[[Hypothesis]]]]: a [[man]] [[sitting]] in a [[car]].",1.0,0.9991355538368225,"[[[[Premise]]]]: A man wearing a red uniform and helmet stands on his motorbike.>>>>[[[[Hypothesis]]]]: a [[human]] [[straddling]] in a [[automobile]].","Successful"
1.0,100.0,1.0,0.0306396484375,"[[[[Premise]]]]: A man of the cloth puts a black substance on a man's forehead.>>>>[[[[Hypothesis]]]]: The [[man]] puts something on the other mans head.",2.0,0.9973757266998291,"[[[[Premise]]]]: A man of the cloth puts a black substance on a man's forehead.>>>>[[[[Hypothesis]]]]: The [[militia]] puts something on the other mans head.","Successful"
2.0,1.0,0.0,0.9810342788696289,"[[[[Premise]]]]: A man of the cloth puts a black substance on a man's forehead.>>>>[[[[Hypothesis]]]]: The men are at church.",0.0,0.9810342788696289,"[[[[Premise]]]]: A man of the cloth puts a black substance on a man's forehead.>>>>[[[[Hypothesis]]]]: The men are at church.","Skipped"
1.0,55.0,1.0,0.013601839542388916,"[[[[Premise]]]]: A person rolls down a hill riding a wagon as another watches.>>>>[[[[Hypothesis]]]]: Two people are [[outside]].",0.0,0.999879777431488,"[[[[Premise]]]]: A person rolls down a hill riding a wagon as another watches.>>>>[[[[Hypothesis]]]]: Two people are [[agnostic]].","Successful"
0.0,28.0,0.0,0.002610623836517334,"[[[[Premise]]]]: A person rolls down a hill riding a wagon as another watches.>>>>[[[[Hypothesis]]]]: A person stares at an [[empty]] hill.",2.0,0.9454577565193176,"[[[[Premise]]]]: A person rolls down a hill riding a wagon as another watches.>>>>[[[[Hypothesis]]]]: A person stares at an [[unspecified]] hill.","Successful"
2.0,2362.0,2.0,0.11043572425842285,"[[[[Premise]]]]: A person rolls down a hill riding a wagon as another watches.>>>>[[[[Hypothesis]]]]: A child in a [[wagon]] rolls down a hill.",0.0,0.9972628355026245,"[[[[Premise]]]]: A person rolls down a hill riding a wagon as another watches.>>>>[[[[Hypothesis]]]]: A child in a [[truck]] rolls down a hill.","Successful"
2.0,490.0,2.0,0.021108388900756836,"[[[[Premise]]]]: a boy holding onto the wall of an old brick house's raised foundation.>>>>[[[[Hypothesis]]]]: a boy holding onto the wall of an old brick house's raised foundation as [[construction]] occurs",1.0,0.8757987022399902,"[[[[Premise]]]]: a boy holding onto the wall of an old brick house's raised foundation.>>>>[[[[Hypothesis]]]]: a boy holding onto the wall of an old brick house's raised foundation as [[outline]] occurs","Successful"
0.0,13.0,0.0,0.0015124082565307617,"[[[[Premise]]]]: a boy holding onto the wall of an old brick house's raised foundation.>>>>[[[[Hypothesis]]]]: a [[girl]] is leaning against the wall",2.0,0.9816456437110901,"[[[[Premise]]]]: a boy holding onto the wall of an old brick house's raised foundation.>>>>[[[[Hypothesis]]]]: a [[blonde]] is leaning against the wall","Successful"
1.0,837.0,1.0,0.28604787588119507,"[[[[Premise]]]]: a boy holding onto the wall of an old brick house's raised foundation.>>>>[[[[Hypothesis]]]]: a boy is against the wall of a raised [[foundation]]",0.0,0.9987797141075134,"[[[[Premise]]]]: a boy holding onto the wall of an old brick house's raised foundation.>>>>[[[[Hypothesis]]]]: a boy is against the wall of a raised [[bed]]","Successful"
0.0,10.0,0.0,0.0005714297294616699,"[[[[Premise]]]]: A man of the cloth puts a black substance on a man's forehead.>>>>[[[[Hypothesis]]]]: The [[women]] are at the park.",0.0,0.0031633377075195312,"[[[[Premise]]]]: A man of the cloth puts a black substance on a man's forehead.>>>>[[[[Hypothesis]]]]: The [[dames]] are at the park.","Failed"
1.0,5.0,1.0,0.0677902102470398,"[[[[Premise]]]]: Bruce Springsteen, with one arm outstretched, is singing in the spotlight in a dark concert hall.>>>>[[[[Hypothesis]]]]: Bruce Springsteen is a [[singer]].",0.0,0.9999715089797974,"[[[[Premise]]]]: Bruce Springsteen, with one arm outstretched, is singing in the spotlight in a dark concert hall.>>>>[[[[Hypothesis]]]]: Bruce Springsteen is a [[minstrel]].","Successful"
2.0,11.0,2.0,0.009678184986114502,"[[[[Premise]]]]: Bruce Springsteen, with one arm outstretched, is singing in the spotlight in a dark concert hall.>>>>[[[[Hypothesis]]]]: Bruce Springsteen is [[gay]]",0.0,0.989896833896637,"[[[[Premise]]]]: Bruce Springsteen, with one arm outstretched, is singing in the spotlight in a dark concert hall.>>>>[[[[Hypothesis]]]]: Bruce Springsteen is [[homo]]","Successful"
2.0,1.0,1.0,0.8940984606742859,"[[[[Premise]]]]: Six dogs swimming in a river.>>>>[[[[Hypothesis]]]]: Six dogs swim across the river.",1.0,0.8940984606742859,"[[[[Premise]]]]: Six dogs swimming in a river.>>>>[[[[Hypothesis]]]]: Six dogs swim across the river.","Skipped"
1.0,11.0,1.0,0.012427330017089844,"[[[[Premise]]]]: Six dogs swimming in a river.>>>>[[[[Hypothesis]]]]: Six [[dogs]] are outdoors.",2.0,0.998608410358429,"[[[[Premise]]]]: Six dogs swimming in a river.>>>>[[[[Hypothesis]]]]: Six [[huskies]] are outdoors.","Successful"
0.0,242.0,0.0,0.00013649463653564453,"[[[[Premise]]]]: Three men, one holding pipes, another holding a large object above his head, and one resting against the pipe bed on the truck, are looking at the camera.>>>>[[[[Hypothesis]]]]: three [[men]] [[sleeping]] in a tent",0.0,0.008890867233276367,"[[[[Premise]]]]: Three men, one holding pipes, another holding a large object above his head, and one resting against the pipe bed on the truck, are looking at the camera.>>>>[[[[Hypothesis]]]]: three [[folks]] [[resting]] in a tent","Failed"
0.0,998.0,0.0,0.058070361614227295,"[[[[Premise]]]]: A man and woman are taking a picture of themselves while a woman in a scarf walks by them.>>>>[[[[Hypothesis]]]]: A man and woman have mug shots taken because they have been [[arrested]].",2.0,0.9932252168655396,"[[[[Premise]]]]: A man and woman are taking a picture of themselves while a woman in a scarf walks by them.>>>>[[[[Hypothesis]]]]: A man and woman have mug shots taken because they have been [[captivated]].","Successful"
2.0,68.0,2.0,0.06898987293243408,"[[[[Premise]]]]: A man and woman are taking a picture of themselves while a woman in a scarf walks by them.>>>>[[[[Hypothesis]]]]: A [[man]] and woman take selfies while a woman walks by and judges them.",0.0,0.9995536208152771,"[[[[Premise]]]]: A man and woman are taking a picture of themselves while a woman in a scarf walks by them.>>>>[[[[Hypothesis]]]]: A [[ape]] and woman take selfies while a woman walks by and judges them.","Successful"
1.0,60.0,1.0,0.04255568981170654,"[[[[Premise]]]]: A man and woman are taking a picture of themselves while a woman in a scarf walks by them.>>>>[[[[Hypothesis]]]]: A man and woman [[take]] selfies of themselves.",0.0,0.9999592900276184,"[[[[Premise]]]]: A man and woman are taking a picture of themselves while a woman in a scarf walks by them.>>>>[[[[Hypothesis]]]]: A man and woman [[handcuff]] selfies of themselves.","Successful"
1.0,26.0,1.0,0.009050190448760986,"[[[[Premise]]]]: a group of people dancing together.>>>>[[[[Hypothesis]]]]: People are [[dancing]].",0.0,0.9999356865882874,"[[[[Premise]]]]: a group of people dancing together.>>>>[[[[Hypothesis]]]]: People are [[juggling]].","Successful"
2.0,46.0,2.0,0.002711176872253418,"[[[[Premise]]]]: a group of people dancing together.>>>>[[[[Hypothesis]]]]: They are doing the [[tango]].",0.0,0.9991499781608582,"[[[[Premise]]]]: a group of people dancing together.>>>>[[[[Hypothesis]]]]: They are doing the [[movie]].","Successful"
0.0,3036.0,0.0,0.0001150369644165039,"[[[[Premise]]]]: Six dogs swimming in a river.>>>>[[[[Hypothesis]]]]: The [[puppies]] are [[setting]] on the couch.",0.0,0.007180511951446533,"[[[[Premise]]]]: Six dogs swimming in a river.>>>>[[[[Hypothesis]]]]: The [[puppys]] are [[limiting]] on the couch.","Failed"
1.0,14.0,1.0,0.009075164794921875,"[[[[Premise]]]]: Men wearing blue uniforms sit on a bus.>>>>[[[[Hypothesis]]]]: Men sit on the [[bus]].",0.0,0.9999556541442871,"[[[[Premise]]]]: Men wearing blue uniforms sit on a bus.>>>>[[[[Hypothesis]]]]: Men sit on the [[mouse]].","Successful"
2.0,184.0,2.0,0.0012170672416687012,"[[[[Premise]]]]: Men wearing blue uniforms sit on a bus.>>>>[[[[Hypothesis]]]]: Men sit on the [[bus]] going to work,",0.0,0.9954765439033508,"[[[[Premise]]]]: Men wearing blue uniforms sit on a bus.>>>>[[[[Hypothesis]]]]: Men sit on the [[mouse]] going to work,","Successful"
0.0,47.0,0.0,0.00021463632583618164,"[[[[Premise]]]]: Men wearing blue uniforms sit on a bus.>>>>[[[[Hypothesis]]]]: Men [[drive]] the bus into the ocean.",2.0,0.6963835954666138,"[[[[Premise]]]]: Men wearing blue uniforms sit on a bus.>>>>[[[[Hypothesis]]]]: Men [[promote]] the bus into the ocean.","Successful"
1.0,114.0,1.0,0.0255507230758667,"[[[[Premise]]]]: Two men climbing on a wooden scaffold.>>>>[[[[Hypothesis]]]]: Two people climbing on a [[wooden]] scaffold.",0.0,0.995518684387207,"[[[[Premise]]]]: Two men climbing on a wooden scaffold.>>>>[[[[Hypothesis]]]]: Two people climbing on a [[mahogany]] scaffold.","Successful"
0.0,34.0,0.0,0.00048673152923583984,"[[[[Premise]]]]: Two men climbing on a wooden scaffold.>>>>[[[[Hypothesis]]]]: Two [[women]] climbing on a wooden scaffold.",1.0,0.983613908290863,"[[[[Premise]]]]: Two men climbing on a wooden scaffold.>>>>[[[[Hypothesis]]]]: Two [[dames]] climbing on a wooden scaffold.","Successful"
2.0,241.0,2.0,0.0014092326164245605,"[[[[Premise]]]]: Two men climbing on a wooden scaffold.>>>>[[[[Hypothesis]]]]: Two sad men [[climbing]] on a wooden scaffold.",0.0,0.8475070595741272,"[[[[Premise]]]]: Two men climbing on a wooden scaffold.>>>>[[[[Hypothesis]]]]: Two sad men [[heaping]] on a wooden scaffold.","Successful"
0.0,1.0,1.0,0.9539240002632141,"[[[[Premise]]]]: A bird is flapping its wings on the water.>>>>[[[[Hypothesis]]]]: The bird is floating on the water.",1.0,0.9539240002632141,"[[[[Premise]]]]: A bird is flapping its wings on the water.>>>>[[[[Hypothesis]]]]: The bird is floating on the water.","Skipped"
0.0,41.0,0.0,0.005447447299957275,"[[[[Premise]]]]: A bird is flapping its wings on the water.>>>>[[[[Hypothesis]]]]: The bird is flying over the [[trees]].",1.0,0.9900924563407898,"[[[[Premise]]]]: A bird is flapping its wings on the water.>>>>[[[[Hypothesis]]]]: The bird is flying over the [[chords]].","Successful"
2.0,1.0,0.0,0.5836333632469177,"[[[[Premise]]]]: A bird is flapping its wings on the water.>>>>[[[[Hypothesis]]]]: The duck is swimming in the lake.",0.0,0.5836333632469177,"[[[[Premise]]]]: A bird is flapping its wings on the water.>>>>[[[[Hypothesis]]]]: The duck is swimming in the lake.","Skipped"
1.0,1.0,0.0,0.8368832468986511,"[[[[Premise]]]]: A young boy wearing a red shirt and jeans stands in the middle of a field and throws a toy plane in the air.>>>>[[[[Hypothesis]]]]: A young boy is playing in a feild.",0.0,0.8368832468986511,"[[[[Premise]]]]: A young boy wearing a red shirt and jeans stands in the middle of a field and throws a toy plane in the air.>>>>[[[[Hypothesis]]]]: A young boy is playing in a feild.","Skipped"
2.0,108.0,2.0,0.029906034469604492,"[[[[Premise]]]]: A young boy wearing a red shirt and jeans stands in the middle of a field and throws a toy plane in the air.>>>>[[[[Hypothesis]]]]: A young boy is playing in the [[field]] because his mother kicked him out of the house.",0.0,0.9998214840888977,"[[[[Premise]]]]: A young boy wearing a red shirt and jeans stands in the middle of a field and throws a toy plane in the air.>>>>[[[[Hypothesis]]]]: A young boy is playing in the [[gymnasium]] because his mother kicked him out of the house.","Successful"
0.0,2919.0,0.0,0.00019103288650512695,"[[[[Premise]]]]: A young boy wearing a red shirt and jeans stands in the middle of a field and throws a toy plane in the air.>>>>[[[[Hypothesis]]]]: A [[young]] boy is [[playing]] video [[games]] indoors.",2.0,0.5750543475151062,"[[[[Premise]]]]: A young boy wearing a red shirt and jeans stands in the middle of a field and throws a toy plane in the air.>>>>[[[[Hypothesis]]]]: A [[immature]] boy is [[reenacting]] video [[competitions]] indoors.","Successful"
2.0,67.0,2.0,0.0038553476333618164,"[[[[Premise]]]]: Six or seven people are standing on a pier with a table and a pair of glasses in the foreground.>>>>[[[[Hypothesis]]]]: They are [[going]] fishing.",0.0,0.999548077583313,"[[[[Premise]]]]: Six or seven people are standing on a pier with a table and a pair of glasses in the foreground.>>>>[[[[Hypothesis]]]]: They are [[streaking]] fishing.","Successful"
1.0,29.0,1.0,0.008235275745391846,"[[[[Premise]]]]: Six or seven people are standing on a pier with a table and a pair of glasses in the foreground.>>>>[[[[Hypothesis]]]]: Six or seven people are [[standing]] on a pier.",0.0,0.9997956156730652,"[[[[Premise]]]]: Six or seven people are standing on a pier with a table and a pair of glasses in the foreground.>>>>[[[[Hypothesis]]]]: Six or seven people are [[beding]] on a pier.","Successful"
0.0,26.0,0.0,0.0030618906021118164,"[[[[Premise]]]]: Six or seven people are standing on a pier with a table and a pair of glasses in the foreground.>>>>[[[[Hypothesis]]]]: They are in a [[boat]].",2.0,0.8255245089530945,"[[[[Premise]]]]: Six or seven people are standing on a pier with a table and a pair of glasses in the foreground.>>>>[[[[Hypothesis]]]]: They are in a [[barque]].","Successful"
1.0,188.0,1.0,0.004096806049346924,"[[[[Premise]]]]: A person in a red shirt and black pants hunched over.>>>>[[[[Hypothesis]]]]: A person wears a red [[shirt]].",0.0,0.9998812079429626,"[[[[Premise]]]]: A person in a red shirt and black pants hunched over.>>>>[[[[Hypothesis]]]]: A person wears a red [[gown]].","Successful"
2.0,24.0,2.0,0.002204298973083496,"[[[[Premise]]]]: A person in a red shirt and black pants hunched over.>>>>[[[[Hypothesis]]]]: The [[person]] is a woman.",0.0,0.9860754013061523,"[[[[Premise]]]]: A person in a red shirt and black pants hunched over.>>>>[[[[Hypothesis]]]]: The [[ape]] is a woman.","Successful"
0.0,202.0,0.0,0.0016222000122070312,"[[[[Premise]]]]: A person in a red shirt and black pants hunched over.>>>>[[[[Hypothesis]]]]: The person is wearing a [[green]] shirt.",2.0,0.9992845058441162,"[[[[Premise]]]]: A person in a red shirt and black pants hunched over.>>>>[[[[Hypothesis]]]]: The person is wearing a [[immature]] shirt.","Successful"
0.0,43.0,0.0,0.4121565818786621,"[[[[Premise]]]]: This child is on the library steps.>>>>[[[[Hypothesis]]]]: The [[child]] is on the school steps.",2.0,0.9976446628570557,"[[[[Premise]]]]: This child is on the library steps.>>>>[[[[Hypothesis]]]]: The [[grandson]] is on the school steps.","Successful"
1.0,70.0,1.0,0.011150538921356201,"[[[[Premise]]]]: This child is on the library steps.>>>>[[[[Hypothesis]]]]: The child is on the [[steps]].",0.0,0.9999752044677734,"[[[[Premise]]]]: This child is on the library steps.>>>>[[[[Hypothesis]]]]: The child is on the [[hikes]].","Successful"
2.0,1.0,1.0,0.9747046232223511,"[[[[Premise]]]]: This child is on the library steps.>>>>[[[[Hypothesis]]]]: The child is on the steps inside the library.",1.0,0.9747046232223511,"[[[[Premise]]]]: This child is on the library steps.>>>>[[[[Hypothesis]]]]: The child is on the steps inside the library.","Skipped"
2.0,1.0,2.0,0.07467955350875854,"[[[[Premise]]]]: Bruce Springsteen, with one arm outstretched, is singing in the spotlight in a dark concert hall.>>>>[[[[Hypothesis]]]]: Bruce Springsteen is from Florida.",2.0,0.07467955350875854,"[[[[Premise]]]]: Bruce Springsteen, with one arm outstretched, is singing in the spotlight in a dark concert hall.>>>>[[[[Hypothesis]]]]: Bruce Springsteen is from Florida.","Failed"
1.0,55.0,1.0,0.032385170459747314,"[[[[Premise]]]]: The tattooed basketball player is about to dunk the ball.>>>>[[[[Hypothesis]]]]: The person is [[playing]] basketball.",0.0,0.9996874332427979,"[[[[Premise]]]]: The tattooed basketball player is about to dunk the ball.>>>>[[[[Hypothesis]]]]: The person is [[singing]] basketball.","Successful"
2.0,66.0,2.0,0.006623566150665283,"[[[[Premise]]]]: The tattooed basketball player is about to dunk the ball.>>>>[[[[Hypothesis]]]]: The [[player]] has a tattoo that says mother.",0.0,0.999760091304779,"[[[[Premise]]]]: The tattooed basketball player is about to dunk the ball.>>>>[[[[Hypothesis]]]]: The [[violinist]] has a tattoo that says mother.","Successful"
1.0,72.0,1.0,0.19108599424362183,"[[[[Premise]]]]: a boy in a red hooded top is smiling whilst looking away from his reflection.>>>>[[[[Hypothesis]]]]: A boy in a red hood is [[happy]].",0.0,0.999985933303833,"[[[[Premise]]]]: a boy in a red hooded top is smiling whilst looking away from his reflection.>>>>[[[[Hypothesis]]]]: A boy in a red hood is [[bittersweet]].","Successful"
2.0,1.0,1.0,0.6565887928009033,"[[[[Premise]]]]: a boy in a red hooded top is smiling whilst looking away from his reflection.>>>>[[[[Hypothesis]]]]: The boy doesn't want to see his reflection.",1.0,0.6565887928009033,"[[[[Premise]]]]: a boy in a red hooded top is smiling whilst looking away from his reflection.>>>>[[[[Hypothesis]]]]: The boy doesn't want to see his reflection.","Skipped"
0.0,6.0,0.0,0.0010415315628051758,"[[[[Premise]]]]: a boy in a red hooded top is smiling whilst looking away from his reflection.>>>>[[[[Hypothesis]]]]: The boy is [[upset]].",2.0,0.9552097916603088,"[[[[Premise]]]]: a boy in a red hooded top is smiling whilst looking away from his reflection.>>>>[[[[Hypothesis]]]]: The boy is [[stressful]].","Successful"
1.0,256.0,1.0,0.005578458309173584,"[[[[Premise]]]]: A man wearing a gray ball cap walks next to a redheaded woman wearing a long-sleeved blue jean shirt.>>>>[[[[Hypothesis]]]]: the man is wearing a [[gray]] cap.",0.0,0.9999579191207886,"[[[[Premise]]]]: A man wearing a gray ball cap walks next to a redheaded woman wearing a long-sleeved blue jean shirt.>>>>[[[[Hypothesis]]]]: the man is wearing a [[grizzly]] cap.","Successful"
0.0,117.0,0.0,0.0025136470794677734,"[[[[Premise]]]]: A man wearing a gray ball cap walks next to a redheaded woman wearing a long-sleeved blue jean shirt.>>>>[[[[Hypothesis]]]]: The man is wearing a [[blue]] cap.",2.0,0.9998167157173157,"[[[[Premise]]]]: A man wearing a gray ball cap walks next to a redheaded woman wearing a long-sleeved blue jean shirt.>>>>[[[[Hypothesis]]]]: The man is wearing a [[sexy]] cap.","Successful"
2.0,270.0,2.0,0.015041708946228027,"[[[[Premise]]]]: A man wearing a gray ball cap walks next to a redheaded woman wearing a long-sleeved blue jean shirt.>>>>[[[[Hypothesis]]]]: The man is [[cold]].",0.0,0.9994382858276367,"[[[[Premise]]]]: A man wearing a gray ball cap walks next to a redheaded woman wearing a long-sleeved blue jean shirt.>>>>[[[[Hypothesis]]]]: The man is [[emotionless]].","Successful"
2.0,109.0,2.0,0.00399017333984375,"[[[[Premise]]]]: An old man in a baseball hat and an old woman in a jean jacket are standing outside, but are covered mostly in shadow.>>>>[[[[Hypothesis]]]]: An old woman has a [[light]] jean jacket.",0.0,0.9977271556854248,"[[[[Premise]]]]: An old man in a baseball hat and an old woman in a jean jacket are standing outside, but are covered mostly in shadow.>>>>[[[[Hypothesis]]]]: An old woman has a [[ablaze]] jean jacket.","Successful"
0.0,26.0,0.0,0.00011730194091796875,"[[[[Premise]]]]: a group of people dancing together.>>>>[[[[Hypothesis]]]]: No one is [[dancing]].",0.0,0.09937542676925659,"[[[[Premise]]]]: a group of people dancing together.>>>>[[[[Hypothesis]]]]: No one is [[singing]].","Failed"
0.0,3562.0,0.0,0.0005116462707519531,"[[[[Premise]]]]: The tattooed basketball player is about to dunk the ball.>>>>[[[[Hypothesis]]]]: The [[man]] is [[playing]] football..",0.0,0.298326313495636,"[[[[Premise]]]]: The tattooed basketball player is about to dunk the ball.>>>>[[[[Hypothesis]]]]: The [[human]] is [[acting]] football..","Failed"
